timestamp,traffic_mb
2025-01-06 00:00:00,77.55
2025-01-06 00:30:00,70.86
2025-01-06 01:00:00,61.56
2025-01-06 01:30:00,31.74
2025-01-06 02:00:00,173.36
2025-01-06 02:30:00,130.39
2025-01-06 03:00:00,81.86
2025-01-06 03:30:00,171.6
2025-01-06 04:00:00,159.95
2025-01-06 04:30:00,51.57
2025-01-06 05:00:00,125.59
2025-01-06 05:30:00,121.23
2025-01-06 06:00:00,200.0
2025-01-06 06:30:00,500.0
2025-01-06 07:00:00,800.0
2025-01-06 07:30:00,1100.0
2025-01-06 08:00:00,1400.0
2025-01-06 08:30:00,1700.0
2025-01-06 09:00:00,6028.67
2025-01-06 09:30:00,2190.77
2025-01-06 10:00:00,3332.52
2025-01-06 10:30:00,9790.29
2025-01-06 11:00:00,4243.96
2025-01-06 11:30:00,7033.84
2025-01-06 12:00:00,9673.81
2025-01-06 12:30:00,5179.87
2025-01-06 13:00:00,5530.95
2025-01-06 13:30:00,6971.83
2025-01-06 14:00:00,8134.36
2025-01-06 14:30:00,3522.21
2025-01-06 15:00:00,4632.23
2025-01-06 15:30:00,2151.07
2025-01-06 16:00:00,8758.88
2025-01-06 16:30:00,3904.01
2025-01-06 17:00:00,2000.0
2025-01-06 17:30:00,2000.0
2025-01-06 18:00:00,2000.0
2025-01-06 18:30:00,2000.0
2025-01-06 19:00:00,1252.75
2025-01-06 19:30:00,1656.11
2025-01-06 20:00:00,524.9
2025-01-06 20:30:00,509.26
2025-01-06 21:00:00,505.65
2025-01-06 21:30:00,814.34
2025-01-06 22:00:00,982.37
2025-01-06 22:30:00,1263.52
2025-01-06 23:00:00,1722.9
2025-01-06 23:30:00,852.33
2025-01-07 00:00:00,60.82
2025-01-07 00:30:00,93.82
2025-01-07 01:00:00,167.25
2025-01-07 01:30:00,124.36
2025-01-07 02:00:00,104.79
2025-01-07 02:30:00,138.49
2025-01-07 03:00:00,133.93
2025-01-07 03:30:00,136.54
2025-01-07 04:00:00,111.25
2025-01-07 04:30:00,40.0
2025-01-07 05:00:00,151.96
2025-01-07 05:30:00,72.07
2025-01-07 06:00:00,200.0
2025-01-07 06:30:00,500.0
2025-01-07 07:00:00,800.0
2025-01-07 07:30:00,1100.0
2025-01-07 08:00:00,1400.0
2025-01-07 08:30:00,1700.0
2025-01-07 09:00:00,4495.17
2025-01-07 09:30:00,2965.68
2025-01-07 10:00:00,4855.65
2025-01-07 10:30:00,2461.31
2025-01-07 11:00:00,9917.35
2025-01-07 11:30:00,7913.34
2025-01-07 12:00:00,5932.93
2025-01-07 12:30:00,9666.02
2025-01-07 13:00:00,7011.73
2025-01-07 13:30:00,2337.72
2025-01-07 14:00:00,7177.37
2025-01-07 14:30:00,4150.95
2025-01-07 15:00:00,9063.42
2025-01-07 15:30:00,4055.5
2025-01-07 16:00:00,6261.2
2025-01-07 16:30:00,6657.0
2025-01-07 17:00:00,2000.0
2025-01-07 17:30:00,2000.0
2025-01-07 18:00:00,2000.0
2025-01-07 18:30:00,2000.0
2025-01-07 19:00:00,1411.84
2025-01-07 19:30:00,645.4
2025-01-07 20:00:00,244.04
2025-01-07 20:30:00,235.25
2025-01-07 21:00:00,1638.88
2025-01-07 21:30:00,1375.57
2025-01-07 22:00:00,297.01
2025-01-07 22:30:00,294.47
2025-01-07 23:00:00,1293.53
2025-01-07 23:30:00,891.89
2025-01-08 00:00:00,20.04
2025-01-08 00:30:00,174.87
2025-01-08 01:00:00,162.37
2025-01-08 01:30:00,192.35
2025-01-08 02:00:00,11.82
2025-01-08 02:30:00,32.36
2025-01-08 03:00:00,55.34
2025-01-08 03:30:00,177.94
2025-01-08 04:00:00,184.61
2025-01-08 04:30:00,120.39
2025-01-08 05:00:00,151.58
2025-01-08 05:30:00,187.2
2025-01-08 06:00:00,200.0
2025-01-08 06:30:00,500.0
2025-01-08 07:00:00,800.0
2025-01-08 07:30:00,1100.0
2025-01-08 08:00:00,1400.0
2025-01-08 08:30:00,1700.0
2025-01-08 09:00:00,4250.91
2025-01-08 09:30:00,2193.37
2025-01-08 10:00:00,8151.44
2025-01-08 10:30:00,5342.86
2025-01-08 11:00:00,5888.41
2025-01-08 11:30:00,5985.6
2025-01-08 12:00:00,8353.54
2025-01-08 12:30:00,4360.89
2025-01-08 13:00:00,7624.21
2025-01-08 13:30:00,9918.59
2025-01-08 14:00:00,7741.8
2025-01-08 14:30:00,9510.98
2025-01-08 15:00:00,6687.62
2025-01-08 15:30:00,6440.46
2025-01-08 16:00:00,9148.96
2025-01-08 16:30:00,6685.93
2025-01-08 17:00:00,2000.0
2025-01-08 17:30:00,2000.0
2025-01-08 18:00:00,2000.0
2025-01-08 18:30:00,2000.0
2025-01-08 19:00:00,556.63
2025-01-08 19:30:00,1208.11
2025-01-08 20:00:00,1946.1
2025-01-08 20:30:00,1732.81
2025-01-08 21:00:00,396.62
2025-01-08 21:30:00,1863.22
2025-01-08 22:00:00,1791.96
2025-01-08 22:30:00,217.38
2025-01-08 23:00:00,1905.54
2025-01-08 23:30:00,1231.63
2025-01-09 00:00:00,147.18
2025-01-09 00:30:00,12.41
2025-01-09 01:00:00,170.25
2025-01-09 01:30:00,25.53
2025-01-09 02:00:00,100.86
2025-01-09 02:30:00,77.87
2025-01-09 03:00:00,199.53
2025-01-09 03:30:00,190.8
2025-01-09 04:00:00,72.69
2025-01-09 04:30:00,15.65
2025-01-09 05:00:00,31.06
2025-01-09 05:30:00,38.86
2025-01-09 06:00:00,200.0
2025-01-09 06:30:00,500.0
2025-01-09 07:00:00,800.0
2025-01-09 07:30:00,1100.0
2025-01-09 08:00:00,1400.0
2025-01-09 08:30:00,1700.0
2025-01-09 09:00:00,9845.66
2025-01-09 09:30:00,9235.38
2025-01-09 10:00:00,9680.55
2025-01-09 10:30:00,3315.09
2025-01-09 11:00:00,5435.2
2025-01-09 11:30:00,7604.06
2025-01-09 12:00:00,2200.47
2025-01-09 12:30:00,9682.64
2025-01-09 13:00:00,3047.88
2025-01-09 13:30:00,2972.93
2025-01-09 14:00:00,8346.43
2025-01-09 14:30:00,9415.73
2025-01-09 15:00:00,7179.61
2025-01-09 15:30:00,4761.08
2025-01-09 16:00:00,8613.36
2025-01-09 16:30:00,5578.68
2025-01-09 17:00:00,2000.0
2025-01-09 17:30:00,2000.0
2025-01-09 18:00:00,2000.0
2025-01-09 18:30:00,2000.0
2025-01-09 19:00:00,996.79
2025-01-09 19:30:00,1990.98
2025-01-09 20:00:00,208.8
2025-01-09 20:30:00,1216.64
2025-01-09 21:00:00,1215.09
2025-01-09 21:30:00,386.86
2025-01-09 22:00:00,1668.37
2025-01-09 22:30:00,817.63
2025-01-09 23:00:00,1364.39
2025-01-09 23:30:00,336.26
2025-01-10 00:00:00,60.56
2025-01-10 00:30:00,39.09
2025-01-10 01:00:00,12.55
2025-01-10 01:30:00,47.71
2025-01-10 02:00:00,191.57
2025-01-10 02:30:00,168.38
2025-01-10 03:00:00,76.72
2025-01-10 03:30:00,169.92
2025-01-10 04:00:00,119.68
2025-01-10 04:30:00,121.66
2025-01-10 05:00:00,84.01
2025-01-10 05:30:00,132.25
2025-01-10 06:00:00,200.0
2025-01-10 06:30:00,500.0
2025-01-10 07:00:00,800.0
2025-01-10 07:30:00,1100.0
2025-01-10 08:00:00,1400.0
2025-01-10 08:30:00,1700.0
2025-01-10 09:00:00,2654.74
2025-01-10 09:30:00,8674.2
2025-01-10 10:00:00,7432.04
2025-01-10 10:30:00,4472.14
2025-01-10 11:00:00,6762.12
2025-01-10 11:30:00,3563.4
2025-01-10 12:00:00,6058.6
2025-01-10 12:30:00,6418.57
2025-01-10 13:00:00,9329.62
2025-01-10 13:30:00,7019.94
2025-01-10 14:00:00,2773.79
2025-01-10 14:30:00,4610.07
2025-01-10 15:00:00,5748.87
2025-01-10 15:30:00,2182.62
2025-01-10 16:00:00,6332.05
2025-01-10 16:30:00,7583.19
2025-01-10 17:00:00,2000.0
2025-01-10 17:30:00,2000.0
2025-01-10 18:00:00,2000.0
2025-01-10 18:30:00,2000.0
2025-01-10 19:00:00,1296.4
2025-01-10 19:30:00,1985.08
2025-01-10 20:00:00,675.08
2025-01-10 20:30:00,1292.93
2025-01-10 21:00:00,1060.8
2025-01-10 21:30:00,237.77
2025-01-10 22:00:00,386.47
2025-01-10 22:30:00,1727.49
2025-01-10 23:00:00,434.07
2025-01-10 23:30:00,1822.96
2025-01-11 00:00:00,28.27
2025-01-11 00:30:00,16.35
2025-01-11 01:00:00,17.91
2025-01-11 01:30:00,26.33
2025-01-11 02:00:00,10.39
2025-01-11 02:30:00,19.42
2025-01-11 03:00:00,19.1
2025-01-11 03:30:00,7.52
2025-01-11 04:00:00,5.5
2025-01-11 04:30:00,3.0
2025-01-11 05:00:00,10.19
2025-01-11 05:30:00,14.78
2025-01-11 06:00:00,30.0
2025-01-11 06:30:00,75.0
2025-01-11 07:00:00,120.0
2025-01-11 07:30:00,165.0
2025-01-11 08:00:00,210.0
2025-01-11 08:30:00,255.0
2025-01-11 09:00:00,1374.43
2025-01-11 09:30:00,903.57
2025-01-11 10:00:00,1106.64
2025-01-11 10:30:00,1044.39
2025-01-11 11:00:00,471.35
2025-01-11 11:30:00,1400.21
2025-01-11 12:00:00,774.91
2025-01-11 12:30:00,1494.52
2025-01-11 13:00:00,745.67
2025-01-11 13:30:00,1016.66
2025-01-11 14:00:00,962.68
2025-01-11 14:30:00,379.28
2025-01-11 15:00:00,694.48
2025-01-11 15:30:00,1050.26
2025-01-11 16:00:00,959.15
2025-01-11 16:30:00,540.89
2025-01-11 17:00:00,300.0
2025-01-11 17:30:00,300.0
2025-01-11 18:00:00,300.0
2025-01-11 18:30:00,300.0
2025-01-11 19:00:00,35.11
2025-01-11 19:30:00,179.6
2025-01-11 20:00:00,191.37
2025-01-11 20:30:00,58.22
2025-01-11 21:00:00,95.49
2025-01-11 21:30:00,284.28
2025-01-11 22:00:00,244.48
2025-01-11 22:30:00,149.06
2025-01-11 23:00:00,76.16
2025-01-11 23:30:00,30.08
2025-01-12 00:00:00,13.74
2025-01-12 00:30:00,10.42
2025-01-12 01:00:00,8.09
2025-01-12 01:30:00,13.03
2025-01-12 02:00:00,7.03
2025-01-12 02:30:00,6.74
2025-01-12 03:00:00,19.34
2025-01-12 03:30:00,25.23
2025-01-12 04:00:00,3.48
2025-01-12 04:30:00,11.56
2025-01-12 05:00:00,22.18
2025-01-12 05:30:00,25.04
2025-01-12 06:00:00,30.0
2025-01-12 06:30:00,75.0
2025-01-12 07:00:00,120.0
2025-01-12 07:30:00,165.0
2025-01-12 08:00:00,210.0
2025-01-12 08:30:00,255.0
2025-01-12 09:00:00,826.92
2025-01-12 09:30:00,422.6
2025-01-12 10:00:00,1339.0
2025-01-12 10:30:00,991.43
2025-01-12 11:00:00,1216.78
2025-01-12 11:30:00,1295.52
2025-01-12 12:00:00,1361.87
2025-01-12 12:30:00,992.72
2025-01-12 13:00:00,1226.02
2025-01-12 13:30:00,1218.14
2025-01-12 14:00:00,1155.32
2025-01-12 14:30:00,827.06
2025-01-12 15:00:00,727.85
2025-01-12 15:30:00,1226.51
2025-01-12 16:00:00,935.9
2025-01-12 16:30:00,439.63
2025-01-12 17:00:00,300.0
2025-01-12 17:30:00,300.0
2025-01-12 18:00:00,300.0
2025-01-12 18:30:00,300.0
2025-01-12 19:00:00,143.11
2025-01-12 19:30:00,225.25
2025-01-12 20:00:00,255.37
2025-01-12 20:30:00,63.13
2025-01-12 21:00:00,231.38
2025-01-12 21:30:00,282.32
2025-01-12 22:00:00,271.27
2025-01-12 22:30:00,213.49
2025-01-12 23:00:00,255.59
2025-01-12 23:30:00,151.03
2025-01-13 00:00:00,147.5
2025-01-13 00:30:00,141.55
2025-01-13 01:00:00,97.2
2025-01-13 01:30:00,185.71
2025-01-13 02:00:00,58.15
2025-01-13 02:30:00,196.82
2025-01-13 03:00:00,184.07
2025-01-13 03:30:00,95.1
2025-01-13 04:00:00,51.74
2025-01-13 04:30:00,147.59
2025-01-13 05:00:00,172.15
2025-01-13 05:30:00,179.68
2025-01-13 06:00:00,200.0
2025-01-13 06:30:00,500.0
2025-01-13 07:00:00,800.0
2025-01-13 07:30:00,1100.0
2025-01-13 08:00:00,1400.0
2025-01-13 08:30:00,1700.0
2025-01-13 09:00:00,7236.0
2025-01-13 09:30:00,6293.26
2025-01-13 10:00:00,6154.46
2025-01-13 10:30:00,8317.05
2025-01-13 11:00:00,6583.0
2025-01-13 11:30:00,7393.18
2025-01-13 12:00:00,4686.09
2025-01-13 12:30:00,2413.5
2025-01-13 13:00:00,9973.35
2025-01-13 13:30:00,9430.49
2025-01-13 14:00:00,8477.13
2025-01-13 14:30:00,2725.89
2025-01-13 15:00:00,5056.63
2025-01-13 15:30:00,4479.57
2025-01-13 16:00:00,7850.63
2025-01-13 16:30:00,5101.92
2025-01-13 17:00:00,2000.0
2025-01-13 17:30:00,2000.0
2025-01-13 18:00:00,2000.0
2025-01-13 18:30:00,2000.0
2025-01-13 19:00:00,1523.26
2025-01-13 19:30:00,1062.22
2025-01-13 20:00:00,1228.96
2025-01-13 20:30:00,1628.78
2025-01-13 21:00:00,428.34
2025-01-13 21:30:00,399.43
2025-01-13 22:00:00,1026.01
2025-01-13 22:30:00,1681.88
2025-01-13 23:00:00,1679.28
2025-01-13 23:30:00,676.96
2025-01-14 00:00:00,160.02
2025-01-14 00:30:00,66.26
2025-01-14 01:00:00,195.01
2025-01-14 01:30:00,96.56
2025-01-14 02:00:00,32.25
2025-01-14 02:30:00,98.61
2025-01-14 03:00:00,143.36
2025-01-14 03:30:00,152.45
2025-01-14 04:00:00,161.29
2025-01-14 04:30:00,34.28
2025-01-14 05:00:00,81.54
2025-01-14 05:30:00,76.44
2025-01-14 06:00:00,200.0
2025-01-14 06:30:00,500.0
2025-01-14 07:00:00,800.0
2025-01-14 07:30:00,1100.0
2025-01-14 08:00:00,1400.0
2025-01-14 08:30:00,1700.0
2025-01-14 09:00:00,8519.76
2025-01-14 09:30:00,3112.54
2025-01-14 10:00:00,3162.94
2025-01-14 10:30:00,5367.7
2025-01-14 11:00:00,5227.03
2025-01-14 11:30:00,7224.75
2025-01-14 12:00:00,3786.4
2025-01-14 12:30:00,3531.54
2025-01-14 13:00:00,4648.34
2025-01-14 13:30:00,6218.49
2025-01-14 14:00:00,9447.13
2025-01-14 14:30:00,7964.5
2025-01-14 15:00:00,6013.48
2025-01-14 15:30:00,2817.42
2025-01-14 16:00:00,6098.18
2025-01-14 16:30:00,8484.42
2025-01-14 17:00:00,2000.0
2025-01-14 17:30:00,2000.0
2025-01-14 18:00:00,2000.0
2025-01-14 18:30:00,2000.0
2025-01-14 19:00:00,248.15
2025-01-14 19:30:00,267.03
2025-01-14 20:00:00,1544.63
2025-01-14 20:30:00,1544.38
2025-01-14 21:00:00,929.78
2025-01-14 21:30:00,263.17
2025-01-14 22:00:00,1498.12
2025-01-14 22:30:00,820.49
2025-01-14 23:00:00,1539.73
2025-01-14 23:30:00,1316.35
2025-01-15 00:00:00,190.84
2025-01-15 00:30:00,185.67
2025-01-15 01:00:00,195.72
2025-01-15 01:30:00,73.31
2025-01-15 02:00:00,122.83
2025-01-15 02:30:00,63.1
2025-01-15 03:00:00,73.57
2025-01-15 03:30:00,14.6
2025-01-15 04:00:00,196.09
2025-01-15 04:30:00,53.38
2025-01-15 05:00:00,122.26
2025-01-15 05:30:00,158.58
2025-01-15 06:00:00,200.0
2025-01-15 06:30:00,500.0
2025-01-15 07:00:00,800.0
2025-01-15 07:30:00,1100.0
2025-01-15 08:00:00,1400.0
2025-01-15 08:30:00,1700.0
2025-01-15 09:00:00,2473.85
2025-01-15 09:30:00,6218.18
2025-01-15 10:00:00,2598.06
2025-01-15 10:30:00,9449.11
2025-01-15 11:00:00,2419.28
2025-01-15 11:30:00,4523.3
2025-01-15 12:00:00,2263.25
2025-01-15 12:30:00,8206.87
2025-01-15 13:00:00,2559.76
2025-01-15 13:30:00,5993.15
2025-01-15 14:00:00,9908.18
2025-01-15 14:30:00,7282.93
2025-01-15 15:00:00,9170.54
2025-01-15 15:30:00,3007.49
2025-01-15 16:00:00,5535.58
2025-01-15 16:30:00,2514.38
2025-01-15 17:00:00,2000.0
2025-01-15 17:30:00,2000.0
2025-01-15 18:00:00,2000.0
2025-01-15 18:30:00,2000.0
2025-01-15 19:00:00,571.08
2025-01-15 19:30:00,1326.69
2025-01-15 20:00:00,844.28
2025-01-15 20:30:00,1824.07
2025-01-15 21:00:00,900.81
2025-01-15 21:30:00,1886.55
2025-01-15 22:00:00,604.25
2025-01-15 22:30:00,1420.66
2025-01-15 23:00:00,1004.35
2025-01-15 23:30:00,896.12
2025-01-16 00:00:00,47.19
2025-01-16 00:30:00,41.87
2025-01-16 01:00:00,159.62
2025-01-16 01:30:00,100.74
2025-01-16 02:00:00,129.39
2025-01-16 02:30:00,55.84
2025-01-16 03:00:00,119.04
2025-01-16 03:30:00,71.06
2025-01-16 04:00:00,122.53
2025-01-16 04:30:00,195.02
2025-01-16 05:00:00,176.93
2025-01-16 05:30:00,91.99
2025-01-16 06:00:00,200.0
2025-01-16 06:30:00,500.0
2025-01-16 07:00:00,800.0
2025-01-16 07:30:00,1100.0
2025-01-16 08:00:00,1400.0
2025-01-16 08:30:00,1700.0
2025-01-16 09:00:00,6130.01
2025-01-16 09:30:00,5729.67
2025-01-16 10:00:00,3719.94
2025-01-16 10:30:00,5459.15
2025-01-16 11:00:00,3269.56
2025-01-16 11:30:00,6139.13
2025-01-16 12:00:00,5248.16
2025-01-16 12:30:00,6129.84
2025-01-16 13:00:00,7009.2
2025-01-16 13:30:00,7465.78
2025-01-16 14:00:00,7865.01
2025-01-16 14:30:00,5990.65
2025-01-16 15:00:00,4247.08
2025-01-16 15:30:00,8856.74
2025-01-16 16:00:00,8022.1
2025-01-16 16:30:00,5816.87
2025-01-16 17:00:00,2000.0
2025-01-16 17:30:00,2000.0
2025-01-16 18:00:00,2000.0
2025-01-16 18:30:00,2000.0
2025-01-16 19:00:00,450.98
2025-01-16 19:30:00,1287.77
2025-01-16 20:00:00,1415.95
2025-01-16 20:30:00,1925.85
2025-01-16 21:00:00,863.72
2025-01-16 21:30:00,1898.79
2025-01-16 22:00:00,216.7
2025-01-16 22:30:00,1555.73
2025-01-16 23:00:00,274.77
2025-01-16 23:30:00,1271.12
2025-01-17 00:00:00,99.97
2025-01-17 00:30:00,95.88
2025-01-17 01:00:00,112.86
2025-01-17 01:30:00,19.05
2025-01-17 02:00:00,135.48
2025-01-17 02:30:00,135.09
2025-01-17 03:00:00,194.97
2025-01-17 03:30:00,111.13
2025-01-17 04:00:00,174.39
2025-01-17 04:30:00,53.88
2025-01-17 05:00:00,20.7
2025-01-17 05:30:00,94.7
2025-01-17 06:00:00,200.0
2025-01-17 06:30:00,500.0
2025-01-17 07:00:00,800.0
2025-01-17 07:30:00,1100.0
2025-01-17 08:00:00,1400.0
2025-01-17 08:30:00,1700.0
2025-01-17 09:00:00,9215.12
2025-01-17 09:30:00,7744.28
2025-01-17 10:00:00,5476.34
2025-01-17 10:30:00,8116.2
2025-01-17 11:00:00,3367.41
2025-01-17 11:30:00,3079.03
2025-01-17 12:00:00,6475.67
2025-01-17 12:30:00,6047.55
2025-01-17 13:00:00,4157.27
2025-01-17 13:30:00,9171.76
2025-01-17 14:00:00,9894.96
2025-01-17 14:30:00,7580.93
2025-01-17 15:00:00,6452.68
2025-01-17 15:30:00,9908.98
2025-01-17 16:00:00,8824.12
2025-01-17 16:30:00,4437.85
2025-01-17 17:00:00,2000.0
2025-01-17 17:30:00,2000.0
2025-01-17 18:00:00,2000.0
2025-01-17 18:30:00,2000.0
2025-01-17 19:00:00,1873.98
2025-01-17 19:30:00,1253.36
2025-01-17 20:00:00,1011.76
2025-01-17 20:30:00,1594.21
2025-01-17 21:00:00,390.1
2025-01-17 21:30:00,1534.67
2025-01-17 22:00:00,1680.31
2025-01-17 22:30:00,1346.43
2025-01-17 23:00:00,1207.5
2025-01-17 23:30:00,1301.99
2025-01-18 00:00:00,8.17
2025-01-18 00:30:00,12.85
2025-01-18 01:00:00,24.78
2025-01-18 01:30:00,10.23
2025-01-18 02:00:00,3.54
2025-01-18 02:30:00,10.35
2025-01-18 03:00:00,20.96
2025-01-18 03:30:00,24.65
2025-01-18 04:00:00,7.09
2025-01-18 04:30:00,4.65
2025-01-18 05:00:00,16.66
2025-01-18 05:30:00,14.21
2025-01-18 06:00:00,30.0
2025-01-18 06:30:00,75.0
2025-01-18 07:00:00,120.0
2025-01-18 07:30:00,165.0
2025-01-18 08:00:00,210.0
2025-01-18 08:30:00,255.0
2025-01-18 09:00:00,968.99
2025-01-18 09:30:00,1330.72
2025-01-18 10:00:00,1351.53
2025-01-18 10:30:00,951.86
2025-01-18 11:00:00,586.07
2025-01-18 11:30:00,1450.18
2025-01-18 12:00:00,704.42
2025-01-18 12:30:00,709.18
2025-01-18 13:00:00,303.57
2025-01-18 13:30:00,418.29
2025-01-18 14:00:00,1279.83
2025-01-18 14:30:00,1498.96
2025-01-18 15:00:00,692.82
2025-01-18 15:30:00,797.29
2025-01-18 16:00:00,375.52
2025-01-18 16:30:00,883.77
2025-01-18 17:00:00,300.0
2025-01-18 17:30:00,300.0
2025-01-18 18:00:00,300.0
2025-01-18 18:30:00,300.0
2025-01-18 19:00:00,159.02
2025-01-18 19:30:00,161.8
2025-01-18 20:00:00,244.73
2025-01-18 20:30:00,203.23
2025-01-18 21:00:00,124.13
2025-01-18 21:30:00,34.48
2025-01-18 22:00:00,101.23
2025-01-18 22:30:00,146.81
2025-01-18 23:00:00,71.6
2025-01-18 23:30:00,148.29
2025-01-19 00:00:00,26.39
2025-01-19 00:30:00,3.4
2025-01-19 01:00:00,29.09
2025-01-19 01:30:00,28.16
2025-01-19 02:00:00,14.89
2025-01-19 02:30:00,10.46
2025-01-19 03:00:00,23.42
2025-01-19 03:30:00,8.35
2025-01-19 04:00:00,9.44
2025-01-19 04:30:00,22.07
2025-01-19 05:00:00,23.43
2025-01-19 05:30:00,8.15
2025-01-19 06:00:00,30.0
2025-01-19 06:30:00,75.0
2025-01-19 07:00:00,120.0
2025-01-19 07:30:00,165.0
2025-01-19 08:00:00,210.0
2025-01-19 08:30:00,255.0
2025-01-19 09:00:00,1297.01
2025-01-19 09:30:00,970.94
2025-01-19 10:00:00,602.68
2025-01-19 10:30:00,413.19
2025-01-19 11:00:00,781.14
2025-01-19 11:30:00,1220.74
2025-01-19 12:00:00,709.7
2025-01-19 12:30:00,450.35
2025-01-19 13:00:00,1263.26
2025-01-19 13:30:00,305.03
2025-01-19 14:00:00,1469.12
2025-01-19 14:30:00,1112.91
2025-01-19 15:00:00,865.63
2025-01-19 15:30:00,578.03
2025-01-19 16:00:00,335.79
2025-01-19 16:30:00,1007.63
2025-01-19 17:00:00,300.0
2025-01-19 17:30:00,300.0
2025-01-19 18:00:00,300.0
2025-01-19 18:30:00,300.0
2025-01-19 19:00:00,260.06
2025-01-19 19:30:00,33.65
2025-01-19 20:00:00,164.79
2025-01-19 20:30:00,99.44
2025-01-19 21:00:00,161.0
2025-01-19 21:30:00,39.6
2025-01-19 22:00:00,244.18
2025-01-19 22:30:00,187.55
2025-01-19 23:00:00,285.45
2025-01-19 23:30:00,204.88
2025-01-20 00:00:00,141.07
2025-01-20 00:30:00,34.47
2025-01-20 01:00:00,155.39
2025-01-20 01:30:00,165.36
2025-01-20 02:00:00,183.31
2025-01-20 02:30:00,116.79
2025-01-20 03:00:00,146.06
2025-01-20 03:30:00,136.41
2025-01-20 04:00:00,88.45
2025-01-20 04:30:00,117.88
2025-01-20 05:00:00,70.67
2025-01-20 05:30:00,95.94
2025-01-20 06:00:00,200.0
2025-01-20 06:30:00,500.0
2025-01-20 07:00:00,800.0
2025-01-20 07:30:00,1100.0
2025-01-20 08:00:00,1400.0
2025-01-20 08:30:00,1700.0
2025-01-20 09:00:00,8264.2
2025-01-20 09:30:00,3048.47
2025-01-20 10:00:00,7273.84
2025-01-20 10:30:00,9927.5
2025-01-20 11:00:00,2031.64
2025-01-20 11:30:00,7447.95
2025-01-20 12:00:00,2432.81
2025-01-20 12:30:00,8940.32
2025-01-20 13:00:00,6801.44
2025-01-20 13:30:00,3897.87
2025-01-20 14:00:00,5014.77
2025-01-20 14:30:00,6609.81
2025-01-20 15:00:00,7006.51
2025-01-20 15:30:00,9654.94
2025-01-20 16:00:00,4261.08
2025-01-20 16:30:00,7578.98
2025-01-20 17:00:00,2000.0
2025-01-20 17:30:00,2000.0
2025-01-20 18:00:00,2000.0
2025-01-20 18:30:00,2000.0
2025-01-20 19:00:00,1834.41
2025-01-20 19:30:00,1386.16
2025-01-20 20:00:00,1511.44
2025-01-20 20:30:00,1342.06
2025-01-20 21:00:00,1451.22
2025-01-20 21:30:00,688.68
2025-01-20 22:00:00,1984.66
2025-01-20 22:30:00,861.96
2025-01-20 23:00:00,1649.4
2025-01-20 23:30:00,990.09
2025-01-21 00:00:00,12.54
2025-01-21 00:30:00,48.21
2025-01-21 01:00:00,20.26
2025-01-21 01:30:00,11.58
2025-01-21 02:00:00,93.62
2025-01-21 02:30:00,45.85
2025-01-21 03:00:00,80.68
2025-01-21 03:30:00,17.42
2025-01-21 04:00:00,174.51
2025-01-21 04:30:00,199.76
2025-01-21 05:00:00,41.25
2025-01-21 05:30:00,104.64
2025-01-21 06:00:00,200.0
2025-01-21 06:30:00,500.0
2025-01-21 07:00:00,800.0
2025-01-21 07:30:00,1100.0
2025-01-21 08:00:00,1400.0
2025-01-21 08:30:00,1700.0
2025-01-21 09:00:00,7559.46
2025-01-21 09:30:00,4449.76
2025-01-21 10:00:00,7147.01
2025-01-21 10:30:00,7133.48
2025-01-21 11:00:00,8011.7
2025-01-21 11:30:00,4883.16
2025-01-21 12:00:00,3156.37
2025-01-21 12:30:00,9103.74
2025-01-21 13:00:00,5783.89
2025-01-21 13:30:00,2135.95
2025-01-21 14:00:00,7158.81
2025-01-21 14:30:00,7085.34
2025-01-21 15:00:00,2238.89
2025-01-21 15:30:00,4223.09
2025-01-21 16:00:00,2916.67
2025-01-21 16:30:00,2484.61
2025-01-21 17:00:00,2000.0
2025-01-21 17:30:00,2000.0
2025-01-21 18:00:00,2000.0
2025-01-21 18:30:00,2000.0
2025-01-21 19:00:00,664.97
2025-01-21 19:30:00,577.84
2025-01-21 20:00:00,1664.5
2025-01-21 20:30:00,1934.55
2025-01-21 21:00:00,1332.87
2025-01-21 21:30:00,994.5
2025-01-21 22:00:00,646.24
2025-01-21 22:30:00,1891.61
2025-01-21 23:00:00,685.0
2025-01-21 23:30:00,1642.72
2025-01-22 00:00:00,168.64
2025-01-22 00:30:00,115.3
2025-01-22 01:00:00,177.41
2025-01-22 01:30:00,88.91
2025-01-22 02:00:00,152.14
2025-01-22 02:30:00,182.85
2025-01-22 03:00:00,155.82
2025-01-22 03:30:00,58.93
2025-01-22 04:00:00,177.75
2025-01-22 04:30:00,139.42
2025-01-22 05:00:00,143.42
2025-01-22 05:30:00,106.35
2025-01-22 06:00:00,200.0
2025-01-22 06:30:00,500.0
2025-01-22 07:00:00,800.0
2025-01-22 07:30:00,1100.0
2025-01-22 08:00:00,1400.0
2025-01-22 08:30:00,1700.0
2025-01-22 09:00:00,3181.55
2025-01-22 09:30:00,5710.2
2025-01-22 10:00:00,2444.26
2025-01-22 10:30:00,6131.63
2025-01-22 11:00:00,9841.61
2025-01-22 11:30:00,5108.99
2025-01-22 12:00:00,8739.07
2025-01-22 12:30:00,5955.2
2025-01-22 13:00:00,3787.13
2025-01-22 13:30:00,9420.99
2025-01-22 14:00:00,4859.01
2025-01-22 14:30:00,5102.37
2025-01-22 15:00:00,4866.72
2025-01-22 15:30:00,8603.84
2025-01-22 16:00:00,2422.5
2025-01-22 16:30:00,7698.05
2025-01-22 17:00:00,2000.0
2025-01-22 17:30:00,2000.0
2025-01-22 18:00:00,2000.0
2025-01-22 18:30:00,2000.0
2025-01-22 19:00:00,1751.12
2025-01-22 19:30:00,1936.82
2025-01-22 20:00:00,432.05
2025-01-22 20:30:00,357.79
2025-01-22 21:00:00,394.23
2025-01-22 21:30:00,1034.3
2025-01-22 22:00:00,427.64
2025-01-22 22:30:00,1031.45
2025-01-22 23:00:00,1123.76
2025-01-22 23:30:00,1301.73
2025-01-23 00:00:00,137.53
2025-01-23 00:30:00,16.39
2025-01-23 01:00:00,189.34
2025-01-23 01:30:00,136.9
2025-01-23 02:00:00,158.71
2025-01-23 02:30:00,35.44
2025-01-23 03:00:00,117.78
2025-01-23 03:30:00,137.68
2025-01-23 04:00:00,92.12
2025-01-23 04:30:00,117.38
2025-01-23 05:00:00,195.05
2025-01-23 05:30:00,48.12
2025-01-23 06:00:00,200.0
2025-01-23 06:30:00,500.0
2025-01-23 07:00:00,800.0
2025-01-23 07:30:00,1100.0
2025-01-23 08:00:00,1400.0
2025-01-23 08:30:00,1700.0
2025-01-23 09:00:00,4391.3
2025-01-23 09:30:00,3295.78
2025-01-23 10:00:00,8131.06
2025-01-23 10:30:00,2042.8
2025-01-23 11:00:00,2779.08
2025-01-23 11:30:00,7059.88
2025-01-23 12:00:00,3467.63
2025-01-23 12:30:00,6871.46
2025-01-23 13:00:00,7149.48
2025-01-23 13:30:00,8912.51
2025-01-23 14:00:00,7153.87
2025-01-23 14:30:00,9401.78
2025-01-23 15:00:00,6773.74
2025-01-23 15:30:00,5828.24
2025-01-23 16:00:00,6786.0
2025-01-23 16:30:00,3999.86
2025-01-23 17:00:00,2000.0
2025-01-23 17:30:00,2000.0
2025-01-23 18:00:00,2000.0
2025-01-23 18:30:00,2000.0
2025-01-23 19:00:00,885.84
2025-01-23 19:30:00,1588.44
2025-01-23 20:00:00,1558.05
2025-01-23 20:30:00,1157.08
2025-01-23 21:00:00,1112.78
2025-01-23 21:30:00,1639.85
2025-01-23 22:00:00,1952.01
2025-01-23 22:30:00,1432.03
2025-01-23 23:00:00,479.01
2025-01-23 23:30:00,1892.05
2025-01-24 00:00:00,46.31
2025-01-24 00:30:00,86.61
2025-01-24 01:00:00,121.39
2025-01-24 01:30:00,164.9
2025-01-24 02:00:00,47.98
2025-01-24 02:30:00,71.81
2025-01-24 03:00:00,94.51
2025-01-24 03:30:00,163.31
2025-01-24 04:00:00,114.79
2025-01-24 04:30:00,13.98
2025-01-24 05:00:00,73.88
2025-01-24 05:30:00,118.58
2025-01-24 06:00:00,200.0
2025-01-24 06:30:00,500.0
2025-01-24 07:00:00,800.0
2025-01-24 07:30:00,1100.0
2025-01-24 08:00:00,1400.0
2025-01-24 08:30:00,1700.0
2025-01-24 09:00:00,4914.77
2025-01-24 09:30:00,2687.39
2025-01-24 10:00:00,4225.57
2025-01-24 10:30:00,4092.79
2025-01-24 11:00:00,2312.99
2025-01-24 11:30:00,9540.45
2025-01-24 12:00:00,4375.57
2025-01-24 12:30:00,8401.93
2025-01-24 13:00:00,2990.85
2025-01-24 13:30:00,3518.0
2025-01-24 14:00:00,2436.42
2025-01-24 14:30:00,3217.07
2025-01-24 15:00:00,3283.77
2025-01-24 15:30:00,9512.23
2025-01-24 16:00:00,5819.46
2025-01-24 16:30:00,3645.12
2025-01-24 17:00:00,2000.0
2025-01-24 17:30:00,2000.0
2025-01-24 18:00:00,2000.0
2025-01-24 18:30:00,2000.0
2025-01-24 19:00:00,328.54
2025-01-24 19:30:00,1685.62
2025-01-24 20:00:00,1557.85
2025-01-24 20:30:00,1417.94
2025-01-24 21:00:00,1351.66
2025-01-24 21:30:00,1425.76
2025-01-24 22:00:00,1278.48
2025-01-24 22:30:00,1828.02
2025-01-24 23:00:00,230.74
2025-01-24 23:30:00,1590.62
2025-01-25 00:00:00,19.64
2025-01-25 00:30:00,8.02
2025-01-25 01:00:00,4.21
2025-01-25 01:30:00,21.01
2025-01-25 02:00:00,15.2
2025-01-25 02:30:00,20.7
2025-01-25 03:00:00,14.85
2025-01-25 03:30:00,26.13
2025-01-25 04:00:00,19.34
2025-01-25 04:30:00,15.36
2025-01-25 05:00:00,15.07
2025-01-25 05:30:00,19.66
2025-01-25 06:00:00,30.0
2025-01-25 06:30:00,75.0
2025-01-25 07:00:00,120.0
2025-01-25 07:30:00,165.0
2025-01-25 08:00:00,210.0
2025-01-25 08:30:00,255.0
2025-01-25 09:00:00,746.49
2025-01-25 09:30:00,631.08
2025-01-25 10:00:00,532.42
2025-01-25 10:30:00,1098.74
2025-01-25 11:00:00,357.96
2025-01-25 11:30:00,1402.65
2025-01-25 12:00:00,662.98
2025-01-25 12:30:00,744.8
2025-01-25 13:00:00,1162.27
2025-01-25 13:30:00,979.7
2025-01-25 14:00:00,389.35
2025-01-25 14:30:00,1158.36
2025-01-25 15:00:00,706.08
2025-01-25 15:30:00,414.66
2025-01-25 16:00:00,445.28
2025-01-25 16:30:00,1089.14
2025-01-25 17:00:00,300.0
2025-01-25 17:30:00,300.0
2025-01-25 18:00:00,300.0
2025-01-25 18:30:00,300.0
2025-01-25 19:00:00,67.87
2025-01-25 19:30:00,212.81
2025-01-25 20:00:00,282.07
2025-01-25 20:30:00,252.0
2025-01-25 21:00:00,250.28
2025-01-25 21:30:00,258.72
2025-01-25 22:00:00,213.26
2025-01-25 22:30:00,273.38
2025-01-25 23:00:00,76.85
2025-01-25 23:30:00,66.86
2025-01-26 00:00:00,22.35
2025-01-26 00:30:00,23.22
2025-01-26 01:00:00,21.35
2025-01-26 01:30:00,15.42
2025-01-26 02:00:00,5.57
2025-01-26 02:30:00,28.37
2025-01-26 03:00:00,15.1
2025-01-26 03:30:00,11.87
2025-01-26 04:00:00,15.97
2025-01-26 04:30:00,12.64
2025-01-26 05:00:00,16.91
2025-01-26 05:30:00,15.12
2025-01-26 06:00:00,30.0
2025-01-26 06:30:00,75.0
2025-01-26 07:00:00,120.0
2025-01-26 07:30:00,165.0
2025-01-26 08:00:00,210.0
2025-01-26 08:30:00,255.0
2025-01-26 09:00:00,703.36
2025-01-26 09:30:00,1024.63
2025-01-26 10:00:00,614.04
2025-01-26 10:30:00,674.84
2025-01-26 11:00:00,385.37
2025-01-26 11:30:00,1289.18
2025-01-26 12:00:00,799.33
2025-01-26 12:30:00,1152.65
2025-01-26 13:00:00,1414.9
2025-01-26 13:30:00,1463.35
2025-01-26 14:00:00,741.52
2025-01-26 14:30:00,310.31
2025-01-26 15:00:00,1273.26
2025-01-26 15:30:00,1479.56
2025-01-26 16:00:00,944.68
2025-01-26 16:30:00,1102.62
2025-01-26 17:00:00,300.0
2025-01-26 17:30:00,300.0
2025-01-26 18:00:00,300.0
2025-01-26 18:30:00,300.0
2025-01-26 19:00:00,265.04
2025-01-26 19:30:00,256.23
2025-01-26 20:00:00,236.9
2025-01-26 20:30:00,134.0
2025-01-26 21:00:00,142.38
2025-01-26 21:30:00,183.26
2025-01-26 22:00:00,229.9
2025-01-26 22:30:00,134.82
2025-01-26 23:00:00,84.35
2025-01-26 23:30:00,198.49
2025-01-27 00:00:00,149.3
2025-01-27 00:30:00,172.48
2025-01-27 01:00:00,64.32
2025-01-27 01:30:00,24.38
2025-01-27 02:00:00,45.87
2025-01-27 02:30:00,86.39
2025-01-27 03:00:00,48.29
2025-01-27 03:30:00,105.81
2025-01-27 04:00:00,44.99
2025-01-27 04:30:00,144.6
2025-01-27 05:00:00,64.84
2025-01-27 05:30:00,23.0
2025-01-27 06:00:00,200.0
2025-01-27 06:30:00,500.0
2025-01-27 07:00:00,800.0
2025-01-27 07:30:00,1100.0
2025-01-27 08:00:00,1400.0
2025-01-27 08:30:00,1700.0
2025-01-27 09:00:00,4107.5
2025-01-27 09:30:00,7968.21
2025-01-27 10:00:00,2690.5
2025-01-27 10:30:00,5125.81
2025-01-27 11:00:00,6794.36
2025-01-27 11:30:00,8751.97
2025-01-27 12:00:00,7561.75
2025-01-27 12:30:00,2649.97
2025-01-27 13:00:00,6303.2
2025-01-27 13:30:00,2352.24
2025-01-27 14:00:00,7424.94
2025-01-27 14:30:00,8116.6
2025-01-27 15:00:00,6299.28
2025-01-27 15:30:00,8968.64
2025-01-27 16:00:00,3873.23
2025-01-27 16:30:00,4801.24
2025-01-27 17:00:00,2000.0
2025-01-27 17:30:00,2000.0
2025-01-27 18:00:00,2000.0
2025-01-27 18:30:00,2000.0
2025-01-27 19:00:00,555.64
2025-01-27 19:30:00,1257.22
2025-01-27 20:00:00,1567.3
2025-01-27 20:30:00,1314.96
2025-01-27 21:00:00,1160.21
2025-01-27 21:30:00,1244.0
2025-01-27 22:00:00,1231.13
2025-01-27 22:30:00,724.78
2025-01-27 23:00:00,1445.97
2025-01-27 23:30:00,561.99
2025-01-28 00:00:00,61.29
2025-01-28 00:30:00,186.75
2025-01-28 01:00:00,197.51
2025-01-28 01:30:00,151.76
2025-01-28 02:00:00,35.74
2025-01-28 02:30:00,190.03
2025-01-28 03:00:00,107.81
2025-01-28 03:30:00,91.43
2025-01-28 04:00:00,131.11
2025-01-28 04:30:00,39.49
2025-01-28 05:00:00,18.3
2025-01-28 05:30:00,47.95
2025-01-28 06:00:00,200.0
2025-01-28 06:30:00,500.0
2025-01-28 07:00:00,800.0
2025-01-28 07:30:00,1100.0
2025-01-28 08:00:00,1400.0
2025-01-28 08:30:00,1700.0
2025-01-28 09:00:00,8606.71
2025-01-28 09:30:00,2993.24
2025-01-28 10:00:00,9569.61
2025-01-28 10:30:00,9141.94
2025-01-28 11:00:00,7859.64
2025-01-28 11:30:00,6302.58
2025-01-28 12:00:00,4918.37
2025-01-28 12:30:00,4749.73
2025-01-28 13:00:00,5997.78
2025-01-28 13:30:00,2485.96
2025-01-28 14:00:00,8893.07
2025-01-28 14:30:00,6386.7
2025-01-28 15:00:00,7073.44
2025-01-28 15:30:00,4743.66
2025-01-28 16:00:00,7935.07
2025-01-28 16:30:00,7832.66
2025-01-28 17:00:00,2000.0
2025-01-28 17:30:00,2000.0
2025-01-28 18:00:00,2000.0
2025-01-28 18:30:00,2000.0
2025-01-28 19:00:00,1466.64
2025-01-28 19:30:00,1111.8
2025-01-28 20:00:00,1756.8
2025-01-28 20:30:00,1868.14
2025-01-28 21:00:00,876.08
2025-01-28 21:30:00,822.42
2025-01-28 22:00:00,1533.79
2025-01-28 22:30:00,827.18
2025-01-28 23:00:00,1092.82
2025-01-28 23:30:00,1880.57
2025-01-29 00:00:00,84.86
2025-01-29 00:30:00,179.31
2025-01-29 01:00:00,80.97
2025-01-29 01:30:00,194.5
2025-01-29 02:00:00,67.22
2025-01-29 02:30:00,109.49
2025-01-29 03:00:00,54.05
2025-01-29 03:30:00,170.33
2025-01-29 04:00:00,83.58
2025-01-29 04:30:00,164.7
2025-01-29 05:00:00,32.8
2025-01-29 05:30:00,61.81
2025-01-29 06:00:00,200.0
2025-01-29 06:30:00,500.0
2025-01-29 07:00:00,800.0
2025-01-29 07:30:00,1100.0
2025-01-29 08:00:00,1400.0
2025-01-29 08:30:00,1700.0
2025-01-29 09:00:00,5836.0
2025-01-29 09:30:00,8458.33
2025-01-29 10:00:00,6982.96
2025-01-29 10:30:00,8839.47
2025-01-29 11:00:00,8651.39
2025-01-29 11:30:00,3736.37
2025-01-29 12:00:00,4634.33
2025-01-29 12:30:00,2253.03
2025-01-29 13:00:00,2414.19
2025-01-29 13:30:00,6181.89
2025-01-29 14:00:00,5205.69
2025-01-29 14:30:00,2308.13
2025-01-29 15:00:00,3200.69
2025-01-29 15:30:00,5865.15
2025-01-29 16:00:00,6439.2
2025-01-29 16:30:00,5033.21
2025-01-29 17:00:00,2000.0
2025-01-29 17:30:00,2000.0
2025-01-29 18:00:00,2000.0
2025-01-29 18:30:00,2000.0
2025-01-29 19:00:00,836.59
2025-01-29 19:30:00,568.35
2025-01-29 20:00:00,1284.22
2025-01-29 20:30:00,1254.5
2025-01-29 21:00:00,1853.83
2025-01-29 21:30:00,383.87
2025-01-29 22:00:00,253.08
2025-01-29 22:30:00,999.55
2025-01-29 23:00:00,452.1
2025-01-29 23:30:00,1961.23
2025-01-30 00:00:00,172.63
2025-01-30 00:30:00,158.29
2025-01-30 01:00:00,52.62
2025-01-30 01:30:00,52.7
2025-01-30 02:00:00,122.42
2025-01-30 02:30:00,84.35
2025-01-30 03:00:00,78.33
2025-01-30 03:30:00,180.43
2025-01-30 04:00:00,106.73
2025-01-30 04:30:00,59.3
2025-01-30 05:00:00,131.28
2025-01-30 05:30:00,111.12
2025-01-30 06:00:00,200.0
2025-01-30 06:30:00,500.0
2025-01-30 07:00:00,800.0
2025-01-30 07:30:00,1100.0
2025-01-30 08:00:00,1400.0
2025-01-30 08:30:00,1700.0
2025-01-30 09:00:00,5363.7
2025-01-30 09:30:00,2813.32
2025-01-30 10:00:00,9725.18
2025-01-30 10:30:00,2703.09
2025-01-30 11:00:00,4307.75
2025-01-30 11:30:00,9204.71
2025-01-30 12:00:00,2037.4
2025-01-30 12:30:00,7963.9
2025-01-30 13:00:00,3987.46
2025-01-30 13:30:00,2255.28
2025-01-30 14:00:00,6428.71
2025-01-30 14:30:00,3097.97
2025-01-30 15:00:00,5541.74
2025-01-30 15:30:00,2015.3
2025-01-30 16:00:00,2524.58
2025-01-30 16:30:00,8673.01
2025-01-30 17:00:00,2000.0
2025-01-30 17:30:00,2000.0
2025-01-30 18:00:00,2000.0
2025-01-30 18:30:00,2000.0
2025-01-30 19:00:00,828.56
2025-01-30 19:30:00,1635.91
2025-01-30 20:00:00,1869.16
2025-01-30 20:30:00,1930.25
2025-01-30 21:00:00,296.16
2025-01-30 21:30:00,574.69
2025-01-30 22:00:00,1480.41
2025-01-30 22:30:00,1275.87
2025-01-30 23:00:00,537.2
2025-01-30 23:30:00,1891.85
2025-01-31 00:00:00,157.19
2025-01-31 00:30:00,36.26
2025-01-31 01:00:00,48.88
2025-01-31 01:30:00,198.77
2025-01-31 02:00:00,34.98
2025-01-31 02:30:00,98.42
2025-01-31 03:00:00,52.54
2025-01-31 03:30:00,184.28
2025-01-31 04:00:00,122.97
2025-01-31 04:30:00,102.03
2025-01-31 05:00:00,184.22
2025-01-31 05:30:00,24.79
2025-01-31 06:00:00,200.0
2025-01-31 06:30:00,500.0
2025-01-31 07:00:00,800.0
2025-01-31 07:30:00,1100.0
2025-01-31 08:00:00,1400.0
2025-01-31 08:30:00,1700.0
2025-01-31 09:00:00,3168.61
2025-01-31 09:30:00,2739.06
2025-01-31 10:00:00,7718.09
2025-01-31 10:30:00,7867.41
2025-01-31 11:00:00,3616.48
2025-01-31 11:30:00,7111.32
2025-01-31 12:00:00,5941.87
2025-01-31 12:30:00,7564.72
2025-01-31 13:00:00,9331.14
2025-01-31 13:30:00,7102.02
2025-01-31 14:00:00,3190.9
2025-01-31 14:30:00,3860.09
2025-01-31 15:00:00,4953.14
2025-01-31 15:30:00,8815.08
2025-01-31 16:00:00,5794.95
2025-01-31 16:30:00,2437.27
2025-01-31 17:00:00,2000.0
2025-01-31 17:30:00,2000.0
2025-01-31 18:00:00,2000.0
2025-01-31 18:30:00,2000.0
2025-01-31 19:00:00,1618.2
2025-01-31 19:30:00,1879.41
2025-01-31 20:00:00,1325.09
2025-01-31 20:30:00,1590.97
2025-01-31 21:00:00,1760.01
2025-01-31 21:30:00,1160.93
2025-01-31 22:00:00,366.36
2025-01-31 22:30:00,1715.77
2025-01-31 23:00:00,1218.99
2025-01-31 23:30:00,459.06
2025-02-01 00:00:00,14.43
2025-02-01 00:30:00,27.92
2025-02-01 01:00:00,15.48
2025-02-01 01:30:00,18.83
2025-02-01 02:00:00,5.28
2025-02-01 02:30:00,27.15
2025-02-01 03:00:00,11.45
2025-02-01 03:30:00,25.08
2025-02-01 04:00:00,8.3
2025-02-01 04:30:00,24.59
2025-02-01 05:00:00,16.88
2025-02-01 05:30:00,27.89
2025-02-01 06:00:00,30.0
2025-02-01 06:30:00,75.0
2025-02-01 07:00:00,120.0
2025-02-01 07:30:00,165.0
2025-02-01 08:00:00,210.0
2025-02-01 08:30:00,255.0
2025-02-01 09:00:00,965.23
2025-02-01 09:30:00,625.37
2025-02-01 10:00:00,1436.64
2025-02-01 10:30:00,1438.06
2025-02-01 11:00:00,412.61
2025-02-01 11:30:00,325.05
2025-02-01 12:00:00,669.35
2025-02-01 12:30:00,836.59
2025-02-01 13:00:00,1339.38
2025-02-01 13:30:00,1050.8
2025-02-01 14:00:00,1107.54
2025-02-01 14:30:00,536.45
2025-02-01 15:00:00,1241.39
2025-02-01 15:30:00,1472.22
2025-02-01 16:00:00,930.8
2025-02-01 16:30:00,1179.21
2025-02-01 17:00:00,300.0
2025-02-01 17:30:00,300.0
2025-02-01 18:00:00,300.0
2025-02-01 18:30:00,300.0
2025-02-01 19:00:00,116.56
2025-02-01 19:30:00,168.76
2025-02-01 20:00:00,53.77
2025-02-01 20:30:00,198.2
2025-02-01 21:00:00,85.83
2025-02-01 21:30:00,119.92
2025-02-01 22:00:00,75.08
2025-02-01 22:30:00,62.89
2025-02-01 23:00:00,51.06
2025-02-01 23:30:00,256.82
2025-02-02 00:00:00,5.57
2025-02-02 00:30:00,3.51
2025-02-02 01:00:00,10.07
2025-02-02 01:30:00,22.04
2025-02-02 02:00:00,17.23
2025-02-02 02:30:00,14.4
2025-02-02 03:00:00,18.76
2025-02-02 03:30:00,4.81
2025-02-02 04:00:00,8.81
2025-02-02 04:30:00,16.02
2025-02-02 05:00:00,6.02
2025-02-02 05:30:00,27.27
2025-02-02 06:00:00,30.0
2025-02-02 06:30:00,75.0
2025-02-02 07:00:00,120.0
2025-02-02 07:30:00,165.0
2025-02-02 08:00:00,210.0
2025-02-02 08:30:00,255.0
2025-02-02 09:00:00,1329.33
2025-02-02 09:30:00,623.89
2025-02-02 10:00:00,348.61
2025-02-02 10:30:00,1478.25
2025-02-02 11:00:00,706.45
2025-02-02 11:30:00,967.45
2025-02-02 12:00:00,315.44
2025-02-02 12:30:00,658.63
2025-02-02 13:00:00,979.15
2025-02-02 13:30:00,1078.51
2025-02-02 14:00:00,869.69
2025-02-02 14:30:00,1340.44
2025-02-02 15:00:00,926.29
2025-02-02 15:30:00,855.5
2025-02-02 16:00:00,435.34
2025-02-02 16:30:00,1029.48
2025-02-02 17:00:00,300.0
2025-02-02 17:30:00,300.0
2025-02-02 18:00:00,300.0
2025-02-02 18:30:00,300.0
2025-02-02 19:00:00,129.27
2025-02-02 19:30:00,50.06
2025-02-02 20:00:00,201.56
2025-02-02 20:30:00,211.93
2025-02-02 21:00:00,254.91
2025-02-02 21:30:00,59.66
2025-02-02 22:00:00,170.51
2025-02-02 22:30:00,68.32
2025-02-02 23:00:00,74.28
2025-02-02 23:30:00,35.59
